{
  "mean": -32.65163715113489,
  "std": 8.94902224973728,
  "machine_types": [
    "slider"
  ]
}