{
  "mean": -28.430737495384694,
  "std": 9.470104443562573,
  "machine_types": [
    "ToyTrain"
  ]
}