{
  "mean": -27.94399443590389,
  "std": 8.40601802580876,
  "machine_types": [
    "gearbox"
  ]
}