{
  "mean": -27.279280201061113,
  "std": 8.692823138029118,
  "machine_types": [
    "fan"
  ]
}