{
  "mean": -32.565510037190926,
  "std": 9.260993085691256,
  "machine_types": [
    "valve"
  ]
}