{
  "mean": -32.33661510433839,
  "std": 8.694296129540946,
  "machine_types": [
    "bearing"
  ]
}