{
  "mean": -37.39574765624533,
  "std": 11.822428628438912,
  "machine_types": [
    "ToyCar"
  ]
}